<annotation verified="yes">
  <folder>SDG-1_JPEGImages</folder>
  <filename>12905</filename>
  <path>D:\Users\Administrator\Desktop\&#34917;&#20805;&#23614;&#36857;&#23436;&#25972;\all\SDG-1_JPEGImages\12905.jpg</path>
  <source>
    <database>Unknown</database>
  </source>
  <size>
    <width>768</width>
    <height>768</height>
    <depth>3</depth>
  </size>
  <segmented>0</segmented>
  <object>
    <type>robndbox</type>
    <name>wake</name>
    <pose>Unspecified</pose>
    <truncated>0</truncated>
    <difficult>0</difficult>
    <robndbox>
      <cx>570.5034</cx>
      <cy>286.2936</cy>
      <w>156.7147</w>
      <h>328.1191</h>
      <angle>0.8</angle>
    </robndbox>
  </object>
</annotation>
