<annotation verified="yes">
  <folder>SDG-1_JPEGImages</folder>
  <filename>12917</filename>
  <path>D:\Users\Administrator\Desktop\&#34917;&#20805;&#23614;&#36857;&#23436;&#25972;\all\SDG-1_JPEGImages\12917.jpg</path>
  <source>
    <database>Unknown</database>
  </source>
  <size>
    <width>768</width>
    <height>768</height>
    <depth>3</depth>
  </size>
  <segmented>0</segmented>
  <object>
    <type>robndbox</type>
    <name>wake</name>
    <pose>Unspecified</pose>
    <truncated>0</truncated>
    <difficult>0</difficult>
    <robndbox>
      <cx>290.338</cx>
      <cy>138.7334</cy>
      <w>512.5498</w>
      <h>211.3469</h>
      <angle>3.041593</angle>
    </robndbox>
  </object>
  <object>
    <type>robndbox</type>
    <name>wake</name>
    <pose>Unspecified</pose>
    <truncated>0</truncated>
    <difficult>0</difficult>
    <robndbox>
      <cx>127.4265</cx>
      <cy>686.569</cy>
      <w>65.4628</w>
      <h>134.0937</h>
      <angle>0.3</angle>
    </robndbox>
  </object>
</annotation>
