<annotation verified="yes">
  <folder>SDG-1_JPEGImages</folder>
  <filename>12919</filename>
  <path>D:\Users\Administrator\Desktop\&#34917;&#20805;&#23614;&#36857;&#23436;&#25972;\all\SDG-1_JPEGImages\12919.jpg</path>
  <source>
    <database>Unknown</database>
  </source>
  <size>
    <width>768</width>
    <height>768</height>
    <depth>3</depth>
  </size>
  <segmented>0</segmented>
  <object>
    <type>robndbox</type>
    <name>wake</name>
    <pose>Unspecified</pose>
    <truncated>0</truncated>
    <difficult>0</difficult>
    <robndbox>
      <cx>435.3824</cx>
      <cy>141.1409</cy>
      <w>595.0</w>
      <h>224.0</h>
      <angle>0.1</angle>
    </robndbox>
  </object>
  <object>
    <type>robndbox</type>
    <name>wake</name>
    <pose>Unspecified</pose>
    <truncated>0</truncated>
    <difficult>0</difficult>
    <robndbox>
      <cx>639.3824</cx>
      <cy>675.2941</cy>
      <w>59.0</w>
      <h>124.0</h>
      <angle>2.841593</angle>
    </robndbox>
  </object>
</annotation>
