<annotation verified="yes">
  <folder>SDG-1_JPEGImages</folder>
  <filename>12916</filename>
  <path>D:\Users\Administrator\Desktop\&#34917;&#20805;&#23614;&#36857;&#23436;&#25972;\all\SDG-1_JPEGImages\12916.jpg</path>
  <source>
    <database>Unknown</database>
  </source>
  <size>
    <width>768</width>
    <height>768</height>
    <depth>3</depth>
  </size>
  <segmented>0</segmented>
  <object>
    <type>robndbox</type>
    <name>wake</name>
    <pose>Unspecified</pose>
    <truncated>0</truncated>
    <difficult>0</difficult>
    <robndbox>
      <cx>287.8754</cx>
      <cy>130.723</cy>
      <w>500.7362</w>
      <h>198.1223</h>
      <angle>3.041593</angle>
    </robndbox>
  </object>
  <object>
    <type>robndbox</type>
    <name>wake</name>
    <pose>Unspecified</pose>
    <truncated>0</truncated>
    <difficult>0</difficult>
    <robndbox>
      <cx>132.984</cx>
      <cy>690.9555</cy>
      <w>72.2654</w>
      <h>139.5543</h>
      <angle>0.2</angle>
    </robndbox>
  </object>
</annotation>
