<annotation verified="yes">
  <folder>SDG-1_JPEGImages</folder>
  <filename>12918</filename>
  <path>D:\Users\Administrator\Desktop\&#34917;&#20805;&#23614;&#36857;&#23436;&#25972;\all\SDG-1_JPEGImages\12918.jpg</path>
  <source>
    <database>Unknown</database>
  </source>
  <size>
    <width>768</width>
    <height>768</height>
    <depth>3</depth>
  </size>
  <segmented>0</segmented>
  <object>
    <type>robndbox</type>
    <name>wake</name>
    <pose>Unspecified</pose>
    <truncated>0</truncated>
    <difficult>0</difficult>
    <robndbox>
      <cx>131.389</cx>
      <cy>673.3629</cy>
      <w>47.6599</w>
      <h>94.7849</h>
      <angle>0.3</angle>
    </robndbox>
  </object>
  <object>
    <type>robndbox</type>
    <name>wake</name>
    <pose>Unspecified</pose>
    <truncated>0</truncated>
    <difficult>0</difficult>
    <robndbox>
      <cx>306.0288</cx>
      <cy>127.6173</cy>
      <w>546.1868</w>
      <h>182.7946</h>
      <angle>3.041593</angle>
    </robndbox>
  </object>
</annotation>
