<annotation verified="yes">
  <folder>SDG-1_JPEGImages</folder>
  <filename>12925</filename>
  <path>D:\Users\Administrator\Desktop\&#34917;&#20805;&#23614;&#36857;&#23436;&#25972;\all\SDG-1_JPEGImages\12925.jpg</path>
  <source>
    <database>Unknown</database>
  </source>
  <size>
    <width>768</width>
    <height>768</height>
    <depth>3</depth>
  </size>
  <segmented>0</segmented>
  <object>
    <type>robndbox</type>
    <name>wake</name>
    <pose>Unspecified</pose>
    <truncated>0</truncated>
    <difficult>0</difficult>
    <robndbox>
      <cx>672.8824</cx>
      <cy>633.2941</cy>
      <w>96.0</w>
      <h>44.0</h>
      <angle>0.2</angle>
    </robndbox>
  </object>
  <object>
    <type>robndbox</type>
    <name>wake</name>
    <pose>Unspecified</pose>
    <truncated>0</truncated>
    <difficult>0</difficult>
    <robndbox>
      <cx>137.0128</cx>
      <cy>455.6845</cy>
      <w>245.8619</w>
      <h>550.4033</h>
      <angle>3.111593</angle>
    </robndbox>
  </object>
</annotation>
