<annotation verified="yes">
  <folder>SDG-1_JPEGImages</folder>
  <filename>12926</filename>
  <path>D:\Users\Administrator\Desktop\&#34917;&#20805;&#23614;&#36857;&#23436;&#25972;\all\SDG-1_JPEGImages\12926.jpg</path>
  <source>
    <database>Unknown</database>
  </source>
  <size>
    <width>768</width>
    <height>768</height>
    <depth>3</depth>
  </size>
  <segmented>0</segmented>
  <object>
    <type>robndbox</type>
    <name>wake</name>
    <pose>Unspecified</pose>
    <truncated>0</truncated>
    <difficult>0</difficult>
    <robndbox>
      <cx>137.532</cx>
      <cy>491.2651</cy>
      <w>202.8353</w>
      <h>480.9329</h>
      <angle>3.071593</angle>
    </robndbox>
  </object>
  <object>
    <type>robndbox</type>
    <name>wake</name>
    <pose>Unspecified</pose>
    <truncated>0</truncated>
    <difficult>0</difficult>
    <robndbox>
      <cx>682.7259</cx>
      <cy>635.0626</cy>
      <w>117.3995</w>
      <h>54.6727</h>
      <angle>0.3</angle>
    </robndbox>
  </object>
</annotation>
