<annotation verified="yes">
  <folder>SDG-1_JPEGImages</folder>
  <filename>12924</filename>
  <path>D:\Users\Administrator\Desktop\&#34917;&#20805;&#23614;&#36857;&#23436;&#25972;\all\SDG-1_JPEGImages\12924.jpg</path>
  <source>
    <database>Unknown</database>
  </source>
  <size>
    <width>768</width>
    <height>768</height>
    <depth>3</depth>
  </size>
  <segmented>0</segmented>
  <object>
    <type>robndbox</type>
    <name>wake</name>
    <pose>Unspecified</pose>
    <truncated>0</truncated>
    <difficult>0</difficult>
    <robndbox>
      <cx>125.8824</cx>
      <cy>576.7941</cy>
      <w>136.0</w>
      <h>311.0</h>
      <angle>3.041593</angle>
    </robndbox>
  </object>
  <object>
    <type>robndbox</type>
    <name>wake</name>
    <pose>Unspecified</pose>
    <truncated>0</truncated>
    <difficult>0</difficult>
    <robndbox>
      <cx>671.8824</cx>
      <cy>636.7941</cy>
      <w>100.0</w>
      <h>43.0</h>
      <angle>0.2</angle>
    </robndbox>
  </object>
</annotation>
