<annotation verified="yes">
  <folder>SDG-1_JPEGImages</folder>
  <filename>12923</filename>
  <path>D:\Users\Administrator\Desktop\&#34917;&#20805;&#23614;&#36857;&#23436;&#25972;\all\SDG-1_JPEGImages\12923.jpg</path>
  <source>
    <database>Unknown</database>
  </source>
  <size>
    <width>768</width>
    <height>768</height>
    <depth>3</depth>
  </size>
  <segmented>0</segmented>
  <object>
    <type>robndbox</type>
    <name>wake</name>
    <pose>Unspecified</pose>
    <truncated>0</truncated>
    <difficult>0</difficult>
    <robndbox>
      <cx>137.8824</cx>
      <cy>107.2941</cy>
      <w>40.0</w>
      <h>78.0</h>
      <angle>2.841593</angle>
    </robndbox>
  </object>
  <object>
    <type>robndbox</type>
    <name>wake</name>
    <pose>Unspecified</pose>
    <truncated>0</truncated>
    <difficult>0</difficult>
    <robndbox>
      <cx>302.3824</cx>
      <cy>616.2941</cy>
      <w>529.0</w>
      <h>274.0</h>
      <angle>0.05</angle>
    </robndbox>
  </object>
</annotation>
