<annotation verified="yes">
  <folder>SDG-1_JPEGImages</folder>
  <filename>12927</filename>
  <path>D:\Users\Administrator\Desktop\&#34917;&#20805;&#23614;&#36857;&#23436;&#25972;\all\SDG-1_JPEGImages\12927.jpg</path>
  <source>
    <database>Unknown</database>
  </source>
  <size>
    <width>768</width>
    <height>768</height>
    <depth>3</depth>
  </size>
  <segmented>0</segmented>
  <object>
    <type>robndbox</type>
    <name>wake</name>
    <pose>Unspecified</pose>
    <truncated>0</truncated>
    <difficult>0</difficult>
    <robndbox>
      <cx>631.7412</cx>
      <cy>542.4657</cy>
      <w>226.8671</w>
      <h>377.4762</h>
      <angle>0.05</angle>
    </robndbox>
  </object>
  <object>
    <type>robndbox</type>
    <name>wake</name>
    <pose>Unspecified</pose>
    <truncated>0</truncated>
    <difficult>0</difficult>
    <robndbox>
      <cx>74.2747</cx>
      <cy>638.499</cy>
      <w>142.3283</w>
      <h>45.5949</h>
      <angle>2.941593</angle>
    </robndbox>
  </object>
</annotation>
