<annotation verified="yes">
  <folder>SDG-1_JPEGImages</folder>
  <filename>12922</filename>
  <path>D:\Users\Administrator\Desktop\&#34917;&#20805;&#23614;&#36857;&#23436;&#25972;\all\SDG-1_JPEGImages\12922.jpg</path>
  <source>
    <database>Unknown</database>
  </source>
  <size>
    <width>768</width>
    <height>768</height>
    <depth>3</depth>
  </size>
  <segmented>0</segmented>
  <object>
    <type>robndbox</type>
    <name>wake</name>
    <pose>Unspecified</pose>
    <truncated>0</truncated>
    <difficult>0</difficult>
    <robndbox>
      <cx>630.8824</cx>
      <cy>111.2941</cy>
      <w>30.0</w>
      <h>60.0</h>
      <angle>0.2</angle>
    </robndbox>
  </object>
  <object>
    <type>robndbox</type>
    <name>wake</name>
    <pose>Unspecified</pose>
    <truncated>0</truncated>
    <difficult>0</difficult>
    <robndbox>
      <cx>442.3497</cx>
      <cy>630.0396</cy>
      <w>572.3836</w>
      <h>228.0837</h>
      <angle>3.071593</angle>
    </robndbox>
  </object>
</annotation>
