<annotation verified="yes">
  <folder>SDG-1_JPEGImages</folder>
  <filename>12939</filename>
  <path>D:\Users\Administrator\Desktop\&#34917;&#20805;&#23614;&#36857;&#23436;&#25972;\all\SDG-1_JPEGImages\12939.jpg</path>
  <source>
    <database>Unknown</database>
  </source>
  <size>
    <width>768</width>
    <height>768</height>
    <depth>3</depth>
  </size>
  <segmented>0</segmented>
  <object>
    <type>robndbox</type>
    <name>wake</name>
    <pose>Unspecified</pose>
    <truncated>0</truncated>
    <difficult>0</difficult>
    <robndbox>
      <cx>521.8542</cx>
      <cy>503.8489</cy>
      <w>163.5739</w>
      <h>239.6642</h>
      <angle>0.96</angle>
    </robndbox>
  </object>
</annotation>
