<annotation verified="yes">
  <folder>SDG-1_JPEGImages</folder>
  <filename>12930</filename>
  <path>D:\Users\Administrator\Desktop\&#34917;&#20805;&#23614;&#36857;&#23436;&#25972;\all\SDG-1_JPEGImages\12930.jpg</path>
  <source>
    <database>Unknown</database>
  </source>
  <size>
    <width>768</width>
    <height>768</height>
    <depth>3</depth>
  </size>
  <segmented>0</segmented>
  <object>
    <type>robndbox</type>
    <name>wake</name>
    <pose>Unspecified</pose>
    <truncated>0</truncated>
    <difficult>0</difficult>
    <robndbox>
      <cx>274.0747</cx>
      <cy>226.9238</cy>
      <w>116.5238</w>
      <h>275.0679</h>
      <angle>0.5</angle>
    </robndbox>
  </object>
</annotation>
