<annotation verified="yes">
  <folder>SDG-1_JPEGImages</folder>
  <filename>12934</filename>
  <path>D:\Users\Administrator\Desktop\&#34917;&#20805;&#23614;&#36857;&#23436;&#25972;\all\SDG-1_JPEGImages\12934.jpg</path>
  <source>
    <database>Unknown</database>
  </source>
  <size>
    <width>768</width>
    <height>768</height>
    <depth>3</depth>
  </size>
  <segmented>0</segmented>
  <object>
    <type>robndbox</type>
    <name>wake</name>
    <pose>Unspecified</pose>
    <truncated>0</truncated>
    <difficult>0</difficult>
    <robndbox>
      <cx>492.1265</cx>
      <cy>549.8901</cy>
      <w>106.7964</w>
      <h>289.4416</h>
      <angle>0.53</angle>
    </robndbox>
  </object>
</annotation>
