<annotation verified="yes">
  <folder>SDG-1_JPEGImages</folder>
  <filename>12937</filename>
  <path>D:\Users\Administrator\Desktop\&#34917;&#20805;&#23614;&#36857;&#23436;&#25972;\all\SDG-1_JPEGImages\12937.jpg</path>
  <source>
    <database>Unknown</database>
  </source>
  <size>
    <width>768</width>
    <height>768</height>
    <depth>3</depth>
  </size>
  <segmented>0</segmented>
  <object>
    <type>robndbox</type>
    <name>wake</name>
    <pose>Unspecified</pose>
    <truncated>0</truncated>
    <difficult>0</difficult>
    <robndbox>
      <cx>231.5929</cx>
      <cy>497.2109</cy>
      <w>246.0944</w>
      <h>116.0028</h>
      <angle>0.58</angle>
    </robndbox>
  </object>
</annotation>
