<annotation verified="yes">
  <folder>SDG-1_JPEGImages</folder>
  <filename>12940</filename>
  <path>D:\Users\Administrator\Desktop\&#34917;&#20805;&#23614;&#36857;&#23436;&#25972;\all\SDG-1_JPEGImages\12940.jpg</path>
  <source>
    <database>Unknown</database>
  </source>
  <size>
    <width>768</width>
    <height>768</height>
    <depth>3</depth>
  </size>
  <segmented>0</segmented>
  <object>
    <type>robndbox</type>
    <name>wake</name>
    <pose>Unspecified</pose>
    <truncated>0</truncated>
    <difficult>0</difficult>
    <robndbox>
      <cx>167.4381</cx>
      <cy>314.6031</cy>
      <w>83.0793</w>
      <h>346.9819</h>
      <angle>3.101593</angle>
    </robndbox>
  </object>
</annotation>
