<annotation verified="yes">
  <folder>SDG-1_JPEGImages</folder>
  <filename>12965</filename>
  <path>D:\Users\Administrator\Desktop\&#34917;&#20805;&#23614;&#36857;&#23436;&#25972;\all\SDG-1_JPEGImages\12965.jpg</path>
  <source>
    <database>Unknown</database>
  </source>
  <size>
    <width>768</width>
    <height>768</height>
    <depth>3</depth>
  </size>
  <segmented>0</segmented>
  <object>
    <type>robndbox</type>
    <name>wake</name>
    <pose>Unspecified</pose>
    <truncated>0</truncated>
    <difficult>0</difficult>
    <robndbox>
      <cx>194.3824</cx>
      <cy>145.2941</cy>
      <w>47.0</w>
      <h>136.0</h>
      <angle>0.5</angle>
    </robndbox>
  </object>
  <object>
    <type>robndbox</type>
    <name>wake</name>
    <pose>Unspecified</pose>
    <truncated>0</truncated>
    <difficult>0</difficult>
    <robndbox>
      <cx>351.8824</cx>
      <cy>83.7941</cy>
      <w>48.0</w>
      <h>115.0</h>
      <angle>0.3</angle>
    </robndbox>
  </object>
</annotation>
