<annotation verified="yes">
  <folder>SDG-1_JPEGImages</folder>
  <filename>12966</filename>
  <path>D:\Users\Administrator\Desktop\&#34917;&#20805;&#23614;&#36857;&#23436;&#25972;\all\SDG-1_JPEGImages\12966.jpg</path>
  <source>
    <database>Unknown</database>
  </source>
  <size>
    <width>768</width>
    <height>768</height>
    <depth>3</depth>
  </size>
  <segmented>0</segmented>
  <object>
    <type>robndbox</type>
    <name>wake</name>
    <pose>Unspecified</pose>
    <truncated>0</truncated>
    <difficult>0</difficult>
    <robndbox>
      <cx>200.5233</cx>
      <cy>143.4305</cy>
      <w>62.1513</w>
      <h>137.3152</h>
      <angle>0.4</angle>
    </robndbox>
  </object>
  <object>
    <type>robndbox</type>
    <name>wake</name>
    <pose>Unspecified</pose>
    <truncated>0</truncated>
    <difficult>0</difficult>
    <robndbox>
      <cx>346.3824</cx>
      <cy>90.2941</cy>
      <w>49.0</w>
      <h>136.0</h>
      <angle>0.27</angle>
    </robndbox>
  </object>
</annotation>
