<annotation verified="yes">
  <folder>SDG-1_JPEGImages</folder>
  <filename>12964</filename>
  <path>D:\Users\Administrator\Desktop\&#34917;&#20805;&#23614;&#36857;&#23436;&#25972;\all\SDG-1_JPEGImages\12964.jpg</path>
  <source>
    <database>Unknown</database>
  </source>
  <size>
    <width>768</width>
    <height>768</height>
    <depth>3</depth>
  </size>
  <segmented>0</segmented>
  <object>
    <type>robndbox</type>
    <name>wake</name>
    <pose>Unspecified</pose>
    <truncated>0</truncated>
    <difficult>0</difficult>
    <robndbox>
      <cx>193.4383</cx>
      <cy>143.954</cy>
      <w>60.7689</w>
      <h>146.5872</h>
      <angle>0.4</angle>
    </robndbox>
  </object>
  <object>
    <type>robndbox</type>
    <name>wake</name>
    <pose>Unspecified</pose>
    <truncated>0</truncated>
    <difficult>0</difficult>
    <robndbox>
      <cx>351.3824</cx>
      <cy>87.2941</cy>
      <w>45.0</w>
      <h>128.0</h>
      <angle>0.3</angle>
    </robndbox>
  </object>
</annotation>
