<annotation verified="yes">
  <folder>SDG-1_JPEGImages</folder>
  <filename>12967</filename>
  <path>D:\Users\Administrator\Desktop\&#34917;&#20805;&#23614;&#36857;&#23436;&#25972;\all\SDG-1_JPEGImages\12967.jpg</path>
  <source>
    <database>Unknown</database>
  </source>
  <size>
    <width>768</width>
    <height>768</height>
    <depth>3</depth>
  </size>
  <segmented>0</segmented>
  <object>
    <type>robndbox</type>
    <name>wake</name>
    <pose>Unspecified</pose>
    <truncated>0</truncated>
    <difficult>0</difficult>
    <robndbox>
      <cx>421.3824</cx>
      <cy>104.2941</cy>
      <w>47.0</w>
      <h>160.0</h>
      <angle>2.841593</angle>
    </robndbox>
  </object>
  <object>
    <type>robndbox</type>
    <name>wake</name>
    <pose>Unspecified</pose>
    <truncated>0</truncated>
    <difficult>0</difficult>
    <robndbox>
      <cx>565.8824</cx>
      <cy>145.7941</cy>
      <w>50.0</w>
      <h>133.0</h>
      <angle>2.541593</angle>
    </robndbox>
  </object>
</annotation>
