<annotation verified="yes">
  <folder>SDG-1_JPEGImages</folder>
  <filename>12969</filename>
  <path>D:\Users\Administrator\Desktop\&#34917;&#20805;&#23614;&#36857;&#23436;&#25972;\all\SDG-1_JPEGImages\12969.jpg</path>
  <source>
    <database>Unknown</database>
  </source>
  <size>
    <width>768</width>
    <height>768</height>
    <depth>3</depth>
  </size>
  <segmented>0</segmented>
  <object>
    <type>robndbox</type>
    <name>wake</name>
    <pose>Unspecified</pose>
    <truncated>0</truncated>
    <difficult>0</difficult>
    <robndbox>
      <cx>560.2524</cx>
      <cy>647.1623</cy>
      <w>59.7776</w>
      <h>184.0727</h>
      <angle>0.4</angle>
    </robndbox>
  </object>
  <object>
    <type>robndbox</type>
    <name>wake</name>
    <pose>Unspecified</pose>
    <truncated>0</truncated>
    <difficult>0</difficult>
    <robndbox>
      <cx>418.3824</cx>
      <cy>676.7941</cy>
      <w>85.0</w>
      <h>137.0</h>
      <angle>0.3</angle>
    </robndbox>
  </object>
</annotation>
