<annotation verified="yes">
  <folder>SDG-1_JPEGImages</folder>
  <filename>12968</filename>
  <path>D:\Users\Administrator\Desktop\&#34917;&#20805;&#23614;&#36857;&#23436;&#25972;\all\SDG-1_JPEGImages\12968.jpg</path>
  <source>
    <database>Unknown</database>
  </source>
  <size>
    <width>768</width>
    <height>768</height>
    <depth>3</depth>
  </size>
  <segmented>0</segmented>
  <object>
    <type>robndbox</type>
    <name>wake</name>
    <pose>Unspecified</pose>
    <truncated>0</truncated>
    <difficult>0</difficult>
    <robndbox>
      <cx>417.8824</cx>
      <cy>683.2941</cy>
      <w>44.0</w>
      <h>122.0</h>
      <angle>0.37</angle>
    </robndbox>
  </object>
  <object>
    <type>robndbox</type>
    <name>wake</name>
    <pose>Unspecified</pose>
    <truncated>0</truncated>
    <difficult>0</difficult>
    <robndbox>
      <cx>558.0084</cx>
      <cy>649.1064</cy>
      <w>68.6871</w>
      <h>193.8182</h>
      <angle>0.41</angle>
    </robndbox>
  </object>
</annotation>
