<annotation verified="yes">
  <folder>SDG-1_JPEGImages</folder>
  <filename>12972</filename>
  <path>D:\Users\Administrator\Desktop\&#34917;&#20805;&#23614;&#36857;&#23436;&#25972;\all\SDG-1_JPEGImages\12972.jpg</path>
  <source>
    <database>Unknown</database>
  </source>
  <size>
    <width>768</width>
    <height>768</height>
    <depth>3</depth>
  </size>
  <segmented>0</segmented>
  <object>
    <type>robndbox</type>
    <name>wake</name>
    <pose>Unspecified</pose>
    <truncated>0</truncated>
    <difficult>0</difficult>
    <robndbox>
      <cx>95.8824</cx>
      <cy>421.7941</cy>
      <w>142.0</w>
      <h>45.0</h>
      <angle>0.4</angle>
    </robndbox>
  </object>
  <object>
    <type>robndbox</type>
    <name>wake</name>
    <pose>Unspecified</pose>
    <truncated>0</truncated>
    <difficult>0</difficult>
    <robndbox>
      <cx>136.8839</cx>
      <cy>563.4344</cy>
      <w>159.8483</w>
      <h>60.6936</h>
      <angle>0.47</angle>
    </robndbox>
  </object>
</annotation>
