<annotation verified="yes">
  <folder>SDG-1_JPEGImages</folder>
  <filename>12971</filename>
  <path>D:\Users\Administrator\Desktop\&#34917;&#20805;&#23614;&#36857;&#23436;&#25972;\all\SDG-1_JPEGImages\12971.jpg</path>
  <source>
    <database>Unknown</database>
  </source>
  <size>
    <width>768</width>
    <height>768</height>
    <depth>3</depth>
  </size>
  <segmented>0</segmented>
  <object>
    <type>robndbox</type>
    <name>wake</name>
    <pose>Unspecified</pose>
    <truncated>0</truncated>
    <difficult>0</difficult>
    <robndbox>
      <cx>199.5866</cx>
      <cy>632.6039</cy>
      <w>60.4576</w>
      <h>149.6503</h>
      <angle>2.741593</angle>
    </robndbox>
  </object>
  <object>
    <type>robndbox</type>
    <name>wake</name>
    <pose>Unspecified</pose>
    <truncated>0</truncated>
    <difficult>0</difficult>
    <robndbox>
      <cx>339.3824</cx>
      <cy>663.7941</cy>
      <w>53.0</w>
      <h>151.0</h>
      <angle>2.741593</angle>
    </robndbox>
  </object>
</annotation>
