<annotation verified="yes">
  <folder>SDG-1_JPEGImages</folder>
  <filename>12970</filename>
  <path>D:\Users\Administrator\Desktop\&#34917;&#20805;&#23614;&#36857;&#23436;&#25972;\all\SDG-1_JPEGImages\12970.jpg</path>
  <source>
    <database>Unknown</database>
  </source>
  <size>
    <width>768</width>
    <height>768</height>
    <depth>3</depth>
  </size>
  <segmented>0</segmented>
  <object>
    <type>robndbox</type>
    <name>wake</name>
    <pose>Unspecified</pose>
    <truncated>0</truncated>
    <difficult>0</difficult>
    <robndbox>
      <cx>423.8824</cx>
      <cy>668.2941</cy>
      <w>43.1443</w>
      <h>153.9174</h>
      <angle>0.28</angle>
    </robndbox>
  </object>
  <object>
    <type>robndbox</type>
    <name>wake</name>
    <pose>Unspecified</pose>
    <truncated>0</truncated>
    <difficult>0</difficult>
    <robndbox>
      <cx>571.9916</cx>
      <cy>618.0667</cy>
      <w>61.7178</w>
      <h>121.7729</h>
      <angle>0.38</angle>
    </robndbox>
  </object>
</annotation>
