<annotation verified="yes">
  <folder>SDG-1_JPEGImages</folder>
  <filename>12977</filename>
  <path>D:\Users\Administrator\Desktop\&#34917;&#20805;&#23614;&#36857;&#23436;&#25972;\all\SDG-1_JPEGImages\12977.jpg</path>
  <source>
    <database>Unknown</database>
  </source>
  <size>
    <width>768</width>
    <height>768</height>
    <depth>3</depth>
  </size>
  <segmented>0</segmented>
  <object>
    <type>robndbox</type>
    <name>wake</name>
    <pose>Unspecified</pose>
    <truncated>0</truncated>
    <difficult>0</difficult>
    <robndbox>
      <cx>286.547</cx>
      <cy>469.5996</cy>
      <w>95.5019</w>
      <h>442.1657</h>
      <angle>2.791593</angle>
    </robndbox>
  </object>
</annotation>
