<annotation verified="yes">
  <folder>SDG-1_JPEGImages</folder>
  <filename>12973</filename>
  <path>D:\Users\Administrator\Desktop\&#34917;&#20805;&#23614;&#36857;&#23436;&#25972;\all\SDG-1_JPEGImages\12973.jpg</path>
  <source>
    <database>Unknown</database>
  </source>
  <size>
    <width>768</width>
    <height>768</height>
    <depth>3</depth>
  </size>
  <segmented>0</segmented>
  <object>
    <type>robndbox</type>
    <name>wake</name>
    <pose>Unspecified</pose>
    <truncated>0</truncated>
    <difficult>0</difficult>
    <robndbox>
      <cx>103.3207</cx>
      <cy>424.0648</cy>
      <w>157.4346</w>
      <h>46.5217</h>
      <angle>0.39</angle>
    </robndbox>
  </object>
  <object>
    <type>robndbox</type>
    <name>wake</name>
    <pose>Unspecified</pose>
    <truncated>0</truncated>
    <difficult>0</difficult>
    <robndbox>
      <cx>130.8824</cx>
      <cy>561.2941</cy>
      <w>168.0</w>
      <h>70.0</h>
      <angle>0.48</angle>
    </robndbox>
  </object>
</annotation>
