<annotation verified="yes">
  <folder>SDG-1_JPEGImages</folder>
  <filename>12978</filename>
  <path>D:\Users\Administrator\Desktop\&#34917;&#20805;&#23614;&#36857;&#23436;&#25972;\all\SDG-1_JPEGImages\12978.jpg</path>
  <source>
    <database>Unknown</database>
  </source>
  <size>
    <width>768</width>
    <height>768</height>
    <depth>3</depth>
  </size>
  <segmented>0</segmented>
  <object>
    <type>robndbox</type>
    <name>wake</name>
    <pose>Unspecified</pose>
    <truncated>0</truncated>
    <difficult>0</difficult>
    <robndbox>
      <cx>291.9679</cx>
      <cy>489.6083</cy>
      <w>89.8351</w>
      <h>397.0431</h>
      <angle>2.821593</angle>
    </robndbox>
  </object>
</annotation>
