<annotation verified="yes">
  <folder>SDG-1_JPEGImages</folder>
  <filename>12975</filename>
  <path>D:\Users\Administrator\Desktop\&#34917;&#20805;&#23614;&#36857;&#23436;&#25972;\all\SDG-1_JPEGImages\12975.jpg</path>
  <source>
    <database>Unknown</database>
  </source>
  <size>
    <width>768</width>
    <height>768</height>
    <depth>3</depth>
  </size>
  <segmented>0</segmented>
  <object>
    <type>robndbox</type>
    <name>wake</name>
    <pose>Unspecified</pose>
    <truncated>0</truncated>
    <difficult>0</difficult>
    <robndbox>
      <cx>681.3824</cx>
      <cy>424.2941</cy>
      <w>123.0</w>
      <h>42.0</h>
      <angle>2.741593</angle>
    </robndbox>
  </object>
  <object>
    <type>robndbox</type>
    <name>wake</name>
    <pose>Unspecified</pose>
    <truncated>0</truncated>
    <difficult>0</difficult>
    <robndbox>
      <cx>657.6085</cx>
      <cy>547.0573</cy>
      <w>214.7131</w>
      <h>62.725</h>
      <angle>2.681593</angle>
    </robndbox>
  </object>
</annotation>
