<annotation verified="yes">
  <folder>SDG-1_JPEGImages</folder>
  <filename>12984</filename>
  <path>D:\Users\Administrator\Desktop\&#34917;&#20805;&#23614;&#36857;&#23436;&#25972;\all\SDG-1_JPEGImages\12984.jpg</path>
  <source>
    <database>Unknown</database>
  </source>
  <size>
    <width>768</width>
    <height>768</height>
    <depth>3</depth>
  </size>
  <segmented>0</segmented>
  <object>
    <type>robndbox</type>
    <name>wake</name>
    <pose>Unspecified</pose>
    <truncated>0</truncated>
    <difficult>0</difficult>
    <robndbox>
      <cx>530.3912</cx>
      <cy>458.5835</cy>
      <w>113.5492</w>
      <h>295.9879</h>
      <angle>1.2</angle>
    </robndbox>
  </object>
</annotation>
