<annotation verified="yes">
  <folder>SDG-1_JPEGImages</folder>
  <filename>12993</filename>
  <path>D:\Users\Administrator\Desktop\&#34917;&#20805;&#23614;&#36857;&#23436;&#25972;\all\SDG-1_JPEGImages\12993.jpg</path>
  <source>
    <database>Unknown</database>
  </source>
  <size>
    <width>768</width>
    <height>768</height>
    <depth>3</depth>
  </size>
  <segmented>0</segmented>
  <object>
    <type>robndbox</type>
    <name>wake</name>
    <pose>Unspecified</pose>
    <truncated>0</truncated>
    <difficult>0</difficult>
    <robndbox>
      <cx>261.4615</cx>
      <cy>454.6419</cy>
      <w>163.6241</w>
      <h>73.659</h>
      <angle>0.8</angle>
    </robndbox>
  </object>
</annotation>
