<annotation verified="yes">
  <folder>SDG-1_JPEGImages</folder>
  <filename>12995</filename>
  <path>D:\Users\Administrator\Desktop\&#34917;&#20805;&#23614;&#36857;&#23436;&#25972;\all\SDG-1_JPEGImages\12995.jpg</path>
  <source>
    <database>Unknown</database>
  </source>
  <size>
    <width>768</width>
    <height>768</height>
    <depth>3</depth>
  </size>
  <segmented>0</segmented>
  <object>
    <type>robndbox</type>
    <name>wake</name>
    <pose>Unspecified</pose>
    <truncated>0</truncated>
    <difficult>0</difficult>
    <robndbox>
      <cx>265.6292</cx>
      <cy>456.5392</cy>
      <w>160.4958</w>
      <h>81.9523</h>
      <angle>0.85</angle>
    </robndbox>
  </object>
</annotation>
