<annotation verified="yes">
  <folder>SDG-1_JPEGImages</folder>
  <filename>12996</filename>
  <path>D:\Users\Administrator\Desktop\&#34917;&#20805;&#23614;&#36857;&#23436;&#25972;\all\SDG-1_JPEGImages\12996.jpg</path>
  <source>
    <database>Unknown</database>
  </source>
  <size>
    <width>768</width>
    <height>768</height>
    <depth>3</depth>
  </size>
  <segmented>0</segmented>
  <object>
    <type>robndbox</type>
    <name>wake</name>
    <pose>Unspecified</pose>
    <truncated>0</truncated>
    <difficult>0</difficult>
    <robndbox>
      <cx>506.8824</cx>
      <cy>458.2941</cy>
      <w>168.0</w>
      <h>64.0</h>
      <angle>2.341593</angle>
    </robndbox>
  </object>
</annotation>
