<annotation verified="yes">
  <folder>SDG-1_JPEGImages</folder>
  <filename>13000</filename>
  <path>D:\Users\Administrator\Desktop\&#34917;&#20805;&#23614;&#36857;&#23436;&#25972;\all\SDG-1_JPEGImages\13000.jpg</path>
  <source>
    <database>Unknown</database>
  </source>
  <size>
    <width>768</width>
    <height>768</height>
    <depth>3</depth>
  </size>
  <segmented>0</segmented>
  <object>
    <type>robndbox</type>
    <name>wake</name>
    <pose>Unspecified</pose>
    <truncated>0</truncated>
    <difficult>0</difficult>
    <robndbox>
      <cx>641.9514</cx>
      <cy>526.5149</cy>
      <w>125.8066</w>
      <h>327.9855</h>
      <angle>0.2</angle>
    </robndbox>
  </object>
</annotation>
