<annotation><folder>Positive</folder><filename>12919</filename><format>jpg</format><source><database>SWIM</database></source><size><w>768</w><h>768</h><depth>3</depth></size><segmented>0</segmented><object><type>pointtheta</type><name>wake</name><pose>Unspecified</pose><truncated>0</truncated><difficult>0</difficult><pointtheta><px>623.000000</px><py>628.000000</py><theta1>1.52</theta1><theta2>0.95</theta2></pointtheta></object><object><type>pointtheta</type><name>wake</name><pose>Unspecified</pose><truncated>0</truncated><difficult>0</difficult><pointtheta><px>726.000000</px><py>142.000000</py><theta1>-2.78</theta1><theta2>2.86</theta2></pointtheta></object></annotation>