<annotation><folder>Positive</folder><filename>12918</filename><format>jpg</format><source><database>SWIM</database></source><size><w>768</w><h>768</h><depth>3</depth></size><segmented>0</segmented><object><type>pointtheta</type><name>wake</name><pose>Unspecified</pose><truncated>0</truncated><difficult>0</difficult><pointtheta><px>50.000000</px><py>143.000000</py><theta1>-0.39</theta1><theta2>0.29</theta2></pointtheta></object><object><type>pointtheta</type><name>wake</name><pose>Unspecified</pose><truncated>0</truncated><difficult>0</difficult><pointtheta><px>145.000000</px><py>629.000000</py><theta1>2.20</theta1><theta2>1.60</theta2></pointtheta></object></annotation>