<annotation><folder>Positive</folder><filename>12917</filename><format>jpg</format><source><database>SWIM</database></source><size><w>768</w><h>768</h><depth>3</depth></size><segmented>0</segmented><object><type>pointtheta</type><name>wake</name><pose>Unspecified</pose><truncated>0</truncated><difficult>0</difficult><pointtheta><px>142.000000</px><py>633.000000</py><theta1>2.15</theta1><theta2>1.59</theta2></pointtheta></object><object><type>pointtheta</type><name>wake</name><pose>Unspecified</pose><truncated>0</truncated><difficult>0</difficult><pointtheta><px>47.000000</px><py>145.000000</py><theta1>-0.40</theta1><theta2>0.24</theta2></pointtheta></object></annotation>