<annotation><folder>Positive</folder><filename>12925</filename><format>jpg</format><source><database>SWIM</database></source><size><w>768</w><h>768</h><depth>3</depth></size><segmented>0</segmented><object><type>pointtheta</type><name>wake</name><pose>Unspecified</pose><truncated>0</truncated><difficult>0</difficult><pointtheta><px>630.000000</px><py>622.000000</py><theta1>-0.02</theta1><theta2>0.66</theta2></pointtheta></object><object><type>pointtheta</type><name>wake</name><pose>Unspecified</pose><truncated>0</truncated><difficult>0</difficult><pointtheta><px>148.000000</px><py>723.000000</py><theta1>-1.98</theta1><theta2>-1.24</theta2></pointtheta></object></annotation>