<annotation><folder>Positive</folder><filename>12920</filename><format>jpg</format><source><database>SWIM</database></source><size><w>768</w><h>768</h><depth>3</depth></size><segmented>0</segmented><object><type>pointtheta</type><name>wake</name><pose>Unspecified</pose><truncated>0</truncated><difficult>0</difficult><pointtheta><px>727.000000</px><py>619.000000</py><theta1>-2.86</theta1><theta2>2.77</theta2></pointtheta></object><object><type>pointtheta</type><name>wake</name><pose>Unspecified</pose><truncated>0</truncated><difficult>0</difficult><pointtheta><px>625.000000</px><py>134.000000</py><theta1>-1.67</theta1><theta2>-1.07</theta2></pointtheta></object></annotation>