<annotation><folder>Positive</folder><filename>12922</filename><format>jpg</format><source><database>SWIM</database></source><size><w>768</w><h>768</h><depth>3</depth></size><segmented>0</segmented><object><type>pointtheta</type><name>wake</name><pose>Unspecified</pose><truncated>0</truncated><difficult>0</difficult><pointtheta><px>721.000000</px><py>616.000000</py><theta1>-2.88</theta1><theta2>2.70</theta2></pointtheta></object><object><type>pointtheta</type><name>wake</name><pose>Unspecified</pose><truncated>0</truncated><difficult>0</difficult><pointtheta><px>623.000000</px><py>133.000000</py><theta1>-1.59</theta1><theta2>-0.96</theta2></pointtheta></object></annotation>