<annotation><folder>Positive</folder><filename>12924</filename><format>jpg</format><source><database>SWIM</database></source><size><w>768</w><h>768</h><depth>3</depth></size><segmented>0</segmented><object><type>pointtheta</type><name>wake</name><pose>Unspecified</pose><truncated>0</truncated><difficult>0</difficult><pointtheta><px>148.000000</px><py>726.000000</py><theta1>-1.97</theta1><theta2>-1.32</theta2></pointtheta></object><object><type>pointtheta</type><name>wake</name><pose>Unspecified</pose><truncated>0</truncated><difficult>0</difficult><pointtheta><px>634.000000</px><py>620.000000</py><theta1>0.00</theta1><theta2>0.59</theta2></pointtheta></object></annotation>