<annotation><folder>Positive</folder><filename>12926</filename><format>jpg</format><source><database>SWIM</database></source><size><w>768</w><h>768</h><depth>3</depth></size><segmented>0</segmented><object><type>pointtheta</type><name>wake</name><pose>Unspecified</pose><truncated>0</truncated><difficult>0</difficult><pointtheta><px>146.000000</px><py>718.000000</py><theta1>-1.98</theta1><theta2>-1.26</theta2></pointtheta></object><object><type>pointtheta</type><name>wake</name><pose>Unspecified</pose><truncated>0</truncated><difficult>0</difficult><pointtheta><px>632.000000</px><py>620.000000</py><theta1>0.05</theta1><theta2>0.60</theta2></pointtheta></object></annotation>