<annotation><folder>Positive</folder><filename>12923</filename><format>jpg</format><source><database>SWIM</database></source><size><w>768</w><h>768</h><depth>3</depth></size><segmented>0</segmented><object><type>pointtheta</type><name>wake</name><pose>Unspecified</pose><truncated>0</truncated><difficult>0</difficult><pointtheta><px>144.000000</px><py>134.000000</py><theta1>-2.17</theta1><theta2>-1.57</theta2></pointtheta></object><object><type>pointtheta</type><name>wake</name><pose>Unspecified</pose><truncated>0</truncated><difficult>0</difficult><pointtheta><px>46.000000</px><py>620.000000</py><theta1>-0.29</theta1><theta2>0.40</theta2></pointtheta></object></annotation>