<annotation><folder>Positive</folder><filename>12967</filename><format>jpg</format><source><database>SWIM</database></source><size><width>768</width><height>768</height><depth>3</depth></size><segmented>0</segmented><object><type>pointtheta</type><name>wake</name><pose>Unspecified</pose><truncated>0</truncated><difficult>0</difficult><pointtheta><px>601.000000</px><py>200.000000</py><theta1>-2.40</theta1><theta2>-1.79</theta2></pointtheta></object><object><type>pointtheta</type><name>wake</name><pose>Unspecified</pose><truncated>0</truncated><difficult>0</difficult><pointtheta><px>399.000000</px><py>34.000000</py><theta1>1.57</theta1><theta2>1.03</theta2></pointtheta></object></annotation>