<annotation><folder>Positive</folder><filename>12968</filename><format>jpg</format><source><database>SWIM</database></source><size><width>768</width><height>768</height><depth>3</depth></size><segmented>0</segmented><object><type>pointtheta</type><name>wake</name><pose>Unspecified</pose><truncated>0</truncated><difficult>0</difficult><pointtheta><px>400.000000</px><py>732.000000</py><theta1>-1.52</theta1><theta2>-0.98</theta2></pointtheta></object><object><type>pointtheta</type><name>wake</name><pose>Unspecified</pose><truncated>0</truncated><difficult>0</difficult><pointtheta><px>596.000000</px><py>566.000000</py><theta1>2.43</theta1><theta2>1.73</theta2></pointtheta></object></annotation>