<annotation><folder>Positive</folder><filename>12964</filename><format>jpg</format><source><database>SWIM</database></source><size><width>768</width><height>768</height><depth>3</depth></size><segmented>0</segmented><object><type>pointtheta</type><name>wake</name><pose>Unspecified</pose><truncated>0</truncated><difficult>0</difficult><pointtheta><px>167.000000</px><py>198.000000</py><theta1>-1.33</theta1><theta2>-0.94</theta2></pointtheta></object><object><type>pointtheta</type><name>wake</name><pose>Unspecified</pose><truncated>0</truncated><difficult>0</difficult><pointtheta><px>365.000000</px><py>37.000000</py><theta1>2.05</theta1><theta2>1.77</theta2></pointtheta></object></annotation>