<annotation><folder>Positive</folder><filename>12965</filename><format>jpg</format><source><database>SWIM</database></source><size><width>768</width><height>768</height><depth>3</depth></size><segmented>0</segmented><object><type>pointtheta</type><name>wake</name><pose>Unspecified</pose><truncated>0</truncated><difficult>0</difficult><pointtheta><px>171.000000</px><py>195.000000</py><theta1>-1.38</theta1><theta2>-1.00</theta2></pointtheta></object><object><type>pointtheta</type><name>wake</name><pose>Unspecified</pose><truncated>0</truncated><difficult>0</difficult><pointtheta><px>364.000000</px><py>35.000000</py><theta1>2.03</theta1><theta2>1.71</theta2></pointtheta></object></annotation>