<annotation><folder>Positive</folder><filename>12966</filename><format>jpg</format><source><database>SWIM</database></source><size><width>768</width><height>768</height><depth>3</depth></size><segmented>0</segmented><object><type>pointtheta</type><name>wake</name><pose>Unspecified</pose><truncated>0</truncated><difficult>0</difficult><pointtheta><px>166.000000</px><py>199.000000</py><theta1>-1.33</theta1><theta2>-0.91</theta2></pointtheta></object><object><type>pointtheta</type><name>wake</name><pose>Unspecified</pose><truncated>0</truncated><difficult>0</difficult><pointtheta><px>364.000000</px><py>38.000000</py><theta1>2.13</theta1><theta2>1.61</theta2></pointtheta></object></annotation>