<annotation><folder>Positive</folder><filename>12969</filename><format>jpg</format><source><database>SWIM</database></source><size><width>768</width><height>768</height><depth>3</depth></size><segmented>0</segmented><object><type>pointtheta</type><name>wake</name><pose>Unspecified</pose><truncated>0</truncated><difficult>0</difficult><pointtheta><px>401.000000</px><py>737.000000</py><theta1>-1.70</theta1><theta2>-1.06</theta2></pointtheta></object><object><type>pointtheta</type><name>wake</name><pose>Unspecified</pose><truncated>0</truncated><difficult>0</difficult><pointtheta><px>597.000000</px><py>572.000000</py><theta1>2.41</theta1><theta2>1.85</theta2></pointtheta></object></annotation>