<annotation><folder>Positive</folder><filename>12971</filename><format>jpg</format><source><database>SWIM</database></source><size><width>768</width><height>768</height><depth>3</depth></size><segmented>0</segmented><object><type>pointtheta</type><name>wake</name><pose>Unspecified</pose><truncated>0</truncated><difficult>0</difficult><pointtheta><px>169.000000</px><py>572.000000</py><theta1>1.32</theta1><theta2>0.95</theta2></pointtheta></object><object><type>pointtheta</type><name>wake</name><pose>Unspecified</pose><truncated>0</truncated><difficult>0</difficult><pointtheta><px>368.000000</px><py>735.000000</py><theta1>-2.41</theta1><theta2>-1.59</theta2></pointtheta></object></annotation>