<annotation><folder>Positive</folder><filename>12972</filename><format>jpg</format><source><database>SWIM</database></source><size><width>768</width><height>768</height><depth>3</depth></size><segmented>0</segmented><object><type>pointtheta</type><name>wake</name><pose>Unspecified</pose><truncated>0</truncated><difficult>0</difficult><pointtheta><px>197.000000</px><py>601.000000</py><theta1>-2.91</theta1><theta2>-2.36</theta2></pointtheta></object><object><type>pointtheta</type><name>wake</name><pose>Unspecified</pose><truncated>0</truncated><difficult>0</difficult><pointtheta><px>31.000000</px><py>401.000000</py><theta1>0.07</theta1><theta2>0.51</theta2></pointtheta></object></annotation>