<annotation><folder>Positive</folder><filename>12974</filename><format>jpg</format><source><database>SWIM</database></source><size><width>768</width><height>768</height><depth>3</depth></size><segmented>0</segmented><object><type>pointtheta</type><name>wake</name><pose>Unspecified</pose><truncated>0</truncated><difficult>0</difficult><pointtheta><px>36.000000</px><py>402.000000</py><theta1>0.00</theta1><theta2>0.53</theta2></pointtheta></object><object><type>pointtheta</type><name>wake</name><pose>Unspecified</pose><truncated>0</truncated><difficult>0</difficult><pointtheta><px>200.000000</px><py>598.000000</py><theta1>-2.93</theta1><theta2>-2.24</theta2></pointtheta></object></annotation>