<annotation><folder>Positive</folder><filename>12975</filename><format>jpg</format><source><database>SWIM</database></source><size><width>768</width><height>768</height><depth>3</depth></size><segmented>0</segmented><object><type>pointtheta</type><name>wake</name><pose>Unspecified</pose><truncated>0</truncated><difficult>0</difficult><pointtheta><px>566.000000</px><py>598.000000</py><theta1>-0.77</theta1><theta2>-0.20</theta2></pointtheta></object><object><type>pointtheta</type><name>wake</name><pose>Unspecified</pose><truncated>0</truncated><difficult>0</difficult><pointtheta><px>732.000000</px><py>403.000000</py><theta1>-3.10</theta1><theta2>2.70</theta2></pointtheta></object></annotation>