<annotation><folder>Positive</folder><filename>12973</filename><format>jpg</format><source><database>SWIM</database></source><size><width>768</width><height>768</height><depth>3</depth></size><segmented>0</segmented><object><type>pointtheta</type><name>wake</name><pose>Unspecified</pose><truncated>0</truncated><difficult>0</difficult><pointtheta><px>34.000000</px><py>402.000000</py><theta1>0.05</theta1><theta2>0.64</theta2></pointtheta></object><object><type>pointtheta</type><name>wake</name><pose>Unspecified</pose><truncated>0</truncated><difficult>0</difficult><pointtheta><px>199.000000</px><py>601.000000</py><theta1>-2.86</theta1><theta2>-2.31</theta2></pointtheta></object></annotation>