<annotation><folder>Positive</folder><filename>12970</filename><format>jpg</format><source><database>SWIM</database></source><size><width>768</width><height>768</height><depth>3</depth></size><segmented>0</segmented><object><type>pointtheta</type><name>wake</name><pose>Unspecified</pose><truncated>0</truncated><difficult>0</difficult><pointtheta><px>403.000000</px><py>735.000000</py><theta1>-1.61</theta1><theta2>-1.07</theta2></pointtheta></object><object><type>pointtheta</type><name>wake</name><pose>Unspecified</pose><truncated>0</truncated><difficult>0</difficult><pointtheta><px>594.000000</px><py>568.000000</py><theta1>2.46</theta1><theta2>1.77</theta2></pointtheta></object></annotation>